"DESCRIPTION","DURATION IN MS","NAME","PARENT SUITE","START TIME","STATUS","STOP TIME","SUB SUITE","SUITE","TEST CLASS","TEST METHOD"
"","2878","@regression user is able to login to app with invalid creds with Read CSV Data- trilochanreddy@gmail.com -","chromium","2026-10-05","passed","2026-10-05","","loginpagefix.spec.ts","",""
"","1493","@regression Create a user test","chromium","2026-10-05","passed","2026-10-05","","api/user.api.individual.spec.ts","",""
"","2913","@regression user is able to login to app with invalid creds with Read Excel Data - trilochanreddy@gmail.com -","chromium","2026-10-05","passed","2026-10-05","","loginpagefix.spec.ts","",""
"","1337","@regression Delete a user test","chromium","2026-10-05","passed","2026-10-05","","api/user.api.individual.spec.ts","",""
"","5119","@regression Verify Product Images Count","chromium","2026-10-05","passed","2026-10-05","","productpage.spec.ts","",""
"","2954","@regression user is able to login to app with invalid creds with Read Json Data- - pw1234","chromium","2026-10-05","passed","2026-10-05","","loginpagefix.spec.ts","",""
"","2978","@regression user is able to login to app with invalid creds with Read CSV Data- invalid@open.com - wrong123","chromium","2026-10-05","passed","2026-10-05","","loginpagefix.spec.ts","",""
"","3136","@regression home page headers exist test","chromium","2026-10-05","passed","2026-10-05","","homepagefix.spec.ts","",""
"","3673","@regression Verify Search Results Count - macbook - MacBook Pro","chromium","2026-10-05","passed","2026-10-05","","searchpage.spec.ts","",""
"","3687","@regression Verify Search Results Count - macbook - MacBook Air","chromium","2026-10-05","passed","2026-10-05","","searchpage.spec.ts","",""
"","2915","@regression user is able to login to app with invalid creds with Read Json Data- invalid@open.com - wrong123","chromium","2026-10-05","passed","2026-10-05","","loginpagefix.spec.ts","",""
"","2768","@regression user is able to login to app with invalid creds with Read CSV Data- - pw1234","chromium","2026-10-05","passed","2026-10-05","","loginpagefix.spec.ts","",""
"Verify user can login with valid credentials","3294","@regression user is able to login to app with valid Creds","chromium","2026-10-05","passed","2026-10-05","","Login Tests","",""
"","3879","@regression Verify Search Results Count - imac - iMac","chromium","2026-10-05","passed","2026-10-05","","searchpage.spec.ts","",""
"","2947","@regression user is able to login to app with invalid creds with Read Excel Data - invalid@open.com - wrong123","chromium","2026-10-05","passed","2026-10-05","","loginpagefix.spec.ts","",""
"","2173","@regression forgot pwd link exist test","chromium","2026-10-05","passed","2026-10-05","","loginpagefix.spec.ts","",""
"","853","@regression Get Albums data test","chromium","2026-10-05","passed","2026-10-05","","api/spotify.oauth2.spec.ts","",""
"","2872","@regression user is able to login to app with invalid creds with Read Json Data- trilochanreddy@gmail.com -","chromium","2026-10-05","passed","2026-10-05","","loginpagefix.spec.ts","",""
"","2051","@regression Update a user test","chromium","2026-10-05","passed","2026-10-05","","api/user.api.individual.spec.ts","",""
"","3867","@regression Verify Search Results Count - samsung - Samsung Galaxy Tab 10.1","chromium","2026-10-05","passed","2026-10-05","","searchpage.spec.ts","",""
"","2818","@regression user is able to login to app with invalid creds with Read Excel Data - - pw1234","chromium","2026-10-05","passed","2026-10-05","","loginpagefix.spec.ts","",""
"","322","@regression DELETE API - DELETE the user","chromium","2026-10-05","passed","2026-10-05","running e2e go rest crud apis tests","api/user.api.spec.ts","",""
"","5795","@regression Verify Product Information/Data","chromium","2026-10-05","passed","2026-10-05","","productpage.spec.ts","",""
"","84","@regression Booking CRUD With Token","chromium","2026-10-05","passed","2026-10-05","","api/booking.api.spec.ts","",""
"","337","@regression PUT API - Update the user","chromium","2026-10-05","passed","2026-10-05","running e2e go rest crud apis tests","api/user.api.spec.ts","",""
"","325","@regression POST API - Create the user","chromium","2026-10-05","passed","2026-10-05","running e2e go rest crud apis tests","api/user.api.spec.ts","",""
